{
  "root" : {
    "__class" : "RootNode",
    "children" : [
      {
        "__class" : "FrameNode",
        "aspectRatio" : null,
        "blendingEnabled" : 0,
        "blendingMode" : "normal",
        "bottom" : null,
        "centerAnchorX" : 0.50266666666666671,
        "centerAnchorY" : 0.1206896551724138,
        "children" : [
          {
            "__class" : "ShapeContainerNode",
            "autoSize" : true,
            "bottom" : null,
            "centerAnchorX" : 0.5,
            "centerAnchorY" : 0.52083333333333337,
            "children" : [
              {
                "__class" : "PathNode",
                "aspectRatio" : null,
                "exportOptions" : [

                ],
                "fillColor" : "rgba(0,170,255,0.5)",
                "fillEnabled" : false,
                "fillImage" : null,
                "fillImagePixelHeight" : null,
                "fillImagePixelWidth" : null,
                "fillImageResize" : "fill",
                "fillType" : "color",
                "height" : 1,
                "id" : "giMc3MoWK",
                "lineCap" : "butt",
                "lineJoin" : "miter",
                "locked" : false,
                "name" : null,
                "opacity" : 1,
                "originalid" : null,
                "parentid" : "yDPgDazvY",
                "pathClosed" : false,
                "pathSegments" : [
                  {
                    "__class" : "PathSegment",
                    "handleInX" : 0,
                    "handleInY" : 0,
                    "handleMirroring" : "straight",
                    "handleOutX" : 0,
                    "handleOutY" : 0,
                    "radius" : 0,
                    "x" : 0,
                    "y" : 0
                  },
                  {
                    "__class" : "PathSegment",
                    "handleInX" : 0,
                    "handleInY" : 0,
                    "handleMirroring" : "straight",
                    "handleOutX" : 0,
                    "handleOutY" : 0,
                    "radius" : 0,
                    "x" : 327,
                    "y" : 0
                  }
                ],
                "rotation" : 0,
                "strokeAlignment" : "center",
                "strokeColor" : "rgb(255, 255, 255)",
                "strokeDashArray" : "2",
                "strokeDashOffset" : 0,
                "strokeEnabled" : 1,
                "strokeMiterLimit" : 4,
                "strokeWidth" : 2,
                "visible" : true,
                "width" : 327,
                "x" : 1,
                "y" : 1
              }
            ],
            "constraintsLocked" : true,
            "deviceType" : null,
            "exportIncludesBackground" : false,
            "exportOptions" : [

            ],
            "fillColor" : "#FFF",
            "fillEnabled" : false,
            "fillImage" : null,
            "fillImagePixelHeight" : null,
            "fillImagePixelWidth" : null,
            "fillImageResize" : "fill",
            "fillType" : "color",
            "height" : 3,
            "heightType" : 0,
            "id" : "yDPgDazvY",
            "left" : null,
            "locked" : false,
            "name" : "dash-line",
            "navigationTarget" : null,
            "navigationTransition" : "push",
            "navigationTransitionBackdropColor" : "rgba(4,4,15,.4)",
            "navigationTransitionDirection" : "left",
            "opacity" : 1,
            "originalid" : null,
            "parentid" : "rJ2LYKVKi",
            "previewSettings" : null,
            "radius" : 0,
            "radiusBottomLeft" : 0,
            "radiusBottomRight" : 0,
            "radiusPerCorner" : false,
            "radiusTopLeft" : 0,
            "radiusTopRight" : 0,
            "right" : null,
            "sizeToFit" : true,
            "top" : null,
            "visible" : true,
            "width" : 329,
            "widthType" : 0
          },
          {
            "__class" : "ShapeContainerNode",
            "autoSize" : true,
            "bottom" : null,
            "centerAnchorX" : 0.90716180371352784,
            "centerAnchorY" : 0.5,
            "children" : [
              {
                "__class" : "BooleanShapeNode",
                "aspectRatio" : null,
                "children" : [
                  {
                    "__class" : "PathNode",
                    "aspectRatio" : null,
                    "exportOptions" : [

                    ],
                    "fillColor" : "hsl(0, 0%, 100%)",
                    "fillEnabled" : true,
                    "fillImage" : null,
                    "fillImagePixelHeight" : null,
                    "fillImagePixelWidth" : null,
                    "fillImageResize" : "fill",
                    "fillType" : "color",
                    "height" : 12.000000000000011,
                    "id" : "j6ivP4jVm",
                    "locked" : false,
                    "name" : null,
                    "opacity" : 1,
                    "originalid" : null,
                    "parentid" : "O5itcNQKC",
                    "pathClosed" : true,
                    "pathSegments" : [
                      {
                        "__class" : "PathSegment",
                        "handleInX" : 0,
                        "handleInY" : 0,
                        "handleMirroring" : "straight",
                        "handleOutX" : 0,
                        "handleOutY" : 0,
                        "radius" : 2,
                        "x" : 6.9282032302755008,
                        "y" : 0
                      },
                      {
                        "__class" : "PathSegment",
                        "handleInX" : 0,
                        "handleInY" : 0,
                        "handleMirroring" : "straight",
                        "handleOutX" : 0,
                        "handleOutY" : 0,
                        "radius" : 2,
                        "x" : 13.856406460551014,
                        "y" : 11.999999999999995
                      },
                      {
                        "__class" : "PathSegment",
                        "handleInX" : 0,
                        "handleInY" : 0,
                        "handleMirroring" : "straight",
                        "handleOutX" : 0,
                        "handleOutY" : 0,
                        "radius" : 2,
                        "x" : 0,
                        "y" : 12.000000000000011
                      }
                    ],
                    "rotation" : 0,
                    "visible" : true,
                    "width" : 13.856406460551014,
                    "x" : -1.46111783053147,
                    "y" : -2.0069444444444486
                  },
                  {
                    "__class" : "PathNode",
                    "aspectRatio" : null,
                    "exportOptions" : [

                    ],
                    "fillColor" : "hsl(0, 0%, 100%)",
                    "fillEnabled" : true,
                    "fillImage" : null,
                    "fillImagePixelHeight" : null,
                    "fillImagePixelWidth" : null,
                    "fillImageResize" : "fill",
                    "fillType" : "color",
                    "height" : 12,
                    "id" : "vn1a5KUTi",
                    "locked" : false,
                    "name" : null,
                    "opacity" : 1,
                    "originalid" : null,
                    "parentid" : "O5itcNQKC",
                    "pathClosed" : true,
                    "pathSegments" : [
                      {
                        "__class" : "PathSegment",
                        "handleInX" : 0,
                        "handleInY" : 0,
                        "handleMirroring" : "straight",
                        "handleOutX" : 0,
                        "handleOutY" : 0,
                        "radius" : 2,
                        "x" : 6.9282032302755274,
                        "y" : 12
                      },
                      {
                        "__class" : "PathSegment",
                        "handleInX" : 0,
                        "handleInY" : 0,
                        "handleMirroring" : "straight",
                        "handleOutX" : 0,
                        "handleOutY" : 0,
                        "radius" : 2,
                        "x" : 13.856406460551,
                        "y" : 0
                      },
                      {
                        "__class" : "PathSegment",
                        "handleInX" : 0,
                        "handleInY" : 0,
                        "handleMirroring" : "straight",
                        "handleOutX" : 0,
                        "handleOutY" : 0,
                        "radius" : 2,
                        "x" : 0,
                        "y" : 0
                      }
                    ],
                    "rotation" : 0,
                    "visible" : true,
                    "width" : 13.856406460551,
                    "x" : -1.4611178305314629,
                    "y" : 13.993055555555557
                  }
                ],
                "exportOptions" : [

                ],
                "fillColor" : "hsl(0, 0%, 100%)",
                "fillEnabled" : true,
                "fillImage" : null,
                "fillImagePixelHeight" : null,
                "fillImagePixelWidth" : null,
                "fillImageResize" : "fill",
                "fillType" : "color",
                "height" : 23.99305555555555,
                "id" : "O5itcNQKC",
                "locked" : false,
                "name" : null,
                "opacity" : 1,
                "originalid" : null,
                "parentid" : "gdBJB6fRl",
                "pathBoolean" : 0,
                "rotation" : 0,
                "visible" : true,
                "width" : 10.934170799488076,
                "x" : 0.53291460025596216,
                "y" : 0.0069444444444367315
              }
            ],
            "constraintsLocked" : false,
            "deviceType" : null,
            "exportIncludesBackground" : false,
            "exportOptions" : [

            ],
            "fillColor" : "#FFF",
            "fillEnabled" : false,
            "fillImage" : null,
            "fillImagePixelHeight" : null,
            "fillImagePixelWidth" : null,
            "fillImageResize" : "fill",
            "fillType" : "color",
            "height" : 24,
            "heightType" : 0,
            "id" : "gdBJB6fRl",
            "left" : null,
            "locked" : false,
            "name" : "icon",
            "navigationTarget" : null,
            "navigationTransition" : "push",
            "navigationTransitionBackdropColor" : "rgba(4,4,15,.4)",
            "navigationTransitionDirection" : "left",
            "opacity" : 1,
            "originalid" : null,
            "parentid" : "rJ2LYKVKi",
            "previewSettings" : null,
            "radius" : 3,
            "radiusBottomLeft" : 3,
            "radiusBottomRight" : 3,
            "radiusPerCorner" : false,
            "radiusTopLeft" : 3,
            "radiusTopRight" : 3,
            "right" : 29,
            "sizeToFit" : true,
            "top" : null,
            "visible" : true,
            "width" : 12,
            "widthType" : 0
          }
        ],
        "clip" : false,
        "codeOverrideEnabled" : true,
        "codeOverrideFile" : ".\/Cup.tsx",
        "codeOverrideIdentifier" : ".\/Cup.tsx_Slider",
        "codeOverrideName" : "Slider",
        "constraintsLocked" : false,
        "deviceType" : null,
        "exportOptions" : [

        ],
        "fillColor" : "rgba(255,255,255,1)",
        "fillEnabled" : false,
        "fillImage" : null,
        "fillImagePixelHeight" : null,
        "fillImagePixelWidth" : null,
        "fillImageResize" : "fill",
        "fillType" : "color",
        "guidesX" : [

        ],
        "guidesY" : [

        ],
        "height" : 24,
        "heightType" : 0,
        "id" : "rJ2LYKVKi",
        "intrinsicHeight" : null,
        "intrinsicWidth" : null,
        "isExternalMaster" : "hidden master",
        "isMaster" : true,
        "isTarget" : false,
        "left" : 0,
        "locked" : false,
        "name" : "slider",
        "navigationTarget" : null,
        "navigationTransition" : "push",
        "navigationTransitionBackdropColor" : "rgba(4,4,15,.4)",
        "navigationTransitionDirection" : "left",
        "opacity" : 0.5,
        "originalid" : null,
        "parentid" : "nzm_Jwi6A",
        "previewSettings" : null,
        "radius" : 0,
        "radiusBottomLeft" : 0,
        "radiusBottomRight" : 0,
        "radiusIsRelative" : false,
        "radiusPerCorner" : false,
        "radiusTopLeft" : 0,
        "radiusTopRight" : 0,
        "replicaInfo" : null,
        "right" : null,
        "rotation" : 0,
        "top" : 86,
        "visible" : true,
        "width" : 377,
        "widthType" : 0
      },
      {
        "__class" : "FrameNode",
        "aspectRatio" : null,
        "blendingEnabled" : 0,
        "blendingMode" : "normal",
        "bottom" : null,
        "centerAnchorX" : 0,
        "centerAnchorY" : 0,
        "children" : [
          {
            "__class" : "CodeComponentNode",
            "aspectRatio" : null,
            "bottom" : 0,
            "centerAnchorX" : 0.5,
            "centerAnchorY" : 0.5,
            "children" : [

            ],
            "clip" : true,
            "codeComponentIdentifier" : ".\/Index.tsx_App",
            "codeComponentProps" : {

            },
            "codeOverrideEnabled" : false,
            "constraintsLocked" : false,
            "deviceType" : null,
            "exportOptions" : [
              {
                "__class" : "ExportOptions",
                "enabled" : false,
                "nameExtension" : "",
                "nameExtensionMode" : "Suffix",
                "scale" : 1,
                "type" : "png"
              }
            ],
            "fillColor" : "rgba(255,255,255,1)",
            "fillEnabled" : false,
            "fillImage" : null,
            "fillImagePixelHeight" : null,
            "fillImagePixelWidth" : null,
            "fillImageResize" : "fill",
            "fillType" : "color",
            "height" : 896,
            "heightType" : 0,
            "id" : "a6y79R0pE",
            "intrinsicHeight" : null,
            "intrinsicWidth" : null,
            "left" : 0,
            "locked" : false,
            "name" : null,
            "opacity" : 1,
            "originalid" : null,
            "parentid" : "POmiqxC0r",
            "previewSettings" : null,
            "radius" : 0,
            "radiusBottomLeft" : 0,
            "radiusBottomRight" : 0,
            "radiusIsRelative" : false,
            "radiusPerCorner" : false,
            "radiusTopLeft" : 0,
            "radiusTopRight" : 0,
            "right" : 0,
            "rotation" : 0,
            "top" : 0,
            "visible" : true,
            "width" : 414,
            "widthType" : 0
          },
          {
            "__class" : "CodeComponentNode",
            "aspectRatio" : null,
            "bottom" : 0,
            "centerAnchorX" : 0.5,
            "centerAnchorY" : 0.97906403940886699,
            "children" : [

            ],
            "clip" : true,
            "codeComponentIdentifier" : "@framer\/kasimir.iphone-x-kit\/.\/Home Button (iPhone X)\/HomeButton.tsx_HomeButton",
            "codeComponentProps" : {
              "appearance" : "dark"
            },
            "codeOverrideEnabled" : false,
            "constraintsLocked" : false,
            "deviceType" : null,
            "exportOptions" : [

            ],
            "fillColor" : "rgba(255,255,255,1)",
            "fillEnabled" : false,
            "fillImage" : null,
            "fillImagePixelHeight" : null,
            "fillImagePixelWidth" : null,
            "fillImageResize" : "fill",
            "fillType" : "color",
            "height" : 34,
            "heightType" : 0,
            "id" : "ZRuCpuvke",
            "intrinsicHeight" : 34,
            "intrinsicWidth" : 375,
            "left" : 0,
            "locked" : false,
            "name" : null,
            "opacity" : 1,
            "originalid" : null,
            "parentid" : "POmiqxC0r",
            "previewSettings" : null,
            "radius" : 0,
            "radiusBottomLeft" : 0,
            "radiusBottomRight" : 0,
            "radiusIsRelative" : false,
            "radiusPerCorner" : false,
            "radiusTopLeft" : 0,
            "radiusTopRight" : 0,
            "right" : 0,
            "rotation" : 0,
            "top" : null,
            "visible" : true,
            "width" : 375,
            "widthType" : 0
          },
          {
            "__class" : "CodeComponentNode",
            "aspectRatio" : null,
            "bottom" : null,
            "centerAnchorX" : 0.5,
            "centerAnchorY" : 0.027093596059113302,
            "children" : [

            ],
            "clip" : true,
            "codeComponentIdentifier" : "@framer\/kasimir.iphone-x-kit\/.\/Status Bar\/Status_Bar.tsx_StatusBar",
            "codeComponentProps" : {
              "appearance" : "dark",
              "back" : "",
              "batteryLevel" : 100,
              "liveTime" : true,
              "location" : "none",
              "mode" : "transparent",
              "signalLevel" : 100,
              "time" : "18.00",
              "twelveHour" : false,
              "wifiLevel" : 100
            },
            "codeOverrideEnabled" : false,
            "constraintsLocked" : false,
            "deviceType" : null,
            "exportOptions" : [

            ],
            "fillColor" : "rgba(255,255,255,1)",
            "fillEnabled" : false,
            "fillImage" : null,
            "fillImagePixelHeight" : null,
            "fillImagePixelWidth" : null,
            "fillImageResize" : "fill",
            "fillType" : "color",
            "height" : 44,
            "heightType" : 0,
            "id" : "ULszjCGtv",
            "intrinsicHeight" : 44,
            "intrinsicWidth" : 375,
            "left" : 0,
            "locked" : false,
            "name" : null,
            "opacity" : 1,
            "originalid" : null,
            "parentid" : "POmiqxC0r",
            "previewSettings" : null,
            "radius" : 0,
            "radiusBottomLeft" : 0,
            "radiusBottomRight" : 0,
            "radiusIsRelative" : false,
            "radiusPerCorner" : false,
            "radiusTopLeft" : 0,
            "radiusTopRight" : 0,
            "right" : 0,
            "rotation" : 0,
            "top" : 0,
            "visible" : true,
            "width" : 375,
            "widthType" : 0
          }
        ],
        "clip" : true,
        "codeOverrideEnabled" : false,
        "constraintsLocked" : false,
        "deviceType" : "framer\/FramerAppleIPhoneXSMax",
        "exportOptions" : [
          {
            "__class" : "ExportOptions",
            "enabled" : false,
            "nameExtension" : "",
            "nameExtensionMode" : "Suffix",
            "scale" : 1,
            "type" : "png"
          }
        ],
        "fillColor" : "rgba(255,255,255,1)",
        "fillEnabled" : true,
        "fillImage" : null,
        "fillImagePixelHeight" : null,
        "fillImagePixelWidth" : null,
        "fillImageResize" : "fill",
        "fillType" : "color",
        "guidesX" : [

        ],
        "guidesY" : [

        ],
        "height" : 896,
        "heightType" : 0,
        "id" : "POmiqxC0r",
        "intrinsicHeight" : null,
        "intrinsicWidth" : null,
        "isExternalMaster" : null,
        "isMaster" : false,
        "isTarget" : false,
        "left" : -858,
        "locked" : false,
        "name" : null,
        "navigationTarget" : null,
        "navigationTransition" : "push",
        "navigationTransitionBackdropColor" : "rgba(4,4,15,.4)",
        "navigationTransitionDirection" : "left",
        "opacity" : 1,
        "originalid" : null,
        "parentid" : "nzm_Jwi6A",
        "previewSettings" : null,
        "radius" : 0,
        "radiusBottomLeft" : 0,
        "radiusBottomRight" : 0,
        "radiusIsRelative" : false,
        "radiusPerCorner" : false,
        "radiusTopLeft" : 0,
        "radiusTopRight" : 0,
        "replicaInfo" : null,
        "right" : null,
        "rotation" : 0,
        "top" : 1766,
        "visible" : true,
        "width" : 414,
        "widthType" : 0
      },
      {
        "__class" : "FrameNode",
        "aspectRatio" : null,
        "blendingEnabled" : 0,
        "blendingMode" : "normal",
        "bottom" : null,
        "centerAnchorX" : 0,
        "centerAnchorY" : 0,
        "children" : [
          {
            "__class" : "ShapeContainerNode",
            "autoSize" : true,
            "bottom" : null,
            "centerAnchorX" : 0.5,
            "centerAnchorY" : 0.5,
            "children" : [
              {
                "__class" : "PathNode",
                "aspectRatio" : null,
                "exportOptions" : [

                ],
                "fillColor" : "hsl(309, 83%, 48%)",
                "fillEnabled" : true,
                "fillImage" : null,
                "fillImagePixelHeight" : null,
                "fillImagePixelWidth" : null,
                "fillImageResize" : "fill",
                "fillLinearGradient" : {
                  "__class" : "LinearGradient",
                  "alpha" : 1,
                  "angle" : 180,
                  "stops" : [
                    {
                      "__class" : "GradientColorStop",
                      "position" : 0,
                      "value" : "rgba(0,0,0,0)"
                    },
                    {
                      "__class" : "GradientColorStop",
                      "position" : 1,
                      "value" : "black"
                    }
                  ]
                },
                "fillType" : "color",
                "height" : 15,
                "id" : "@framer\/mapbox.mapbox-oMrMBbpmR-xUaJBYVfd",
                "lineCap" : "butt",
                "lineJoin" : "miter",
                "locked" : false,
                "name" : null,
                "opacity" : 1,
                "originalid" : null,
                "parentid" : "@framer\/mapbox.mapbox-oMrMBbpmR-aO8jYtsin",
                "pathClosed" : true,
                "pathSegments" : [
                  {
                    "__class" : "PathSegment",
                    "handleInX" : 2.4320000000000004,
                    "handleInY" : 0,
                    "handleMirroring" : "symmetric",
                    "handleOutX" : -2.4320000000000004,
                    "handleOutY" : 0,
                    "radius" : 0,
                    "x" : 5.2699999999999996,
                    "y" : 0
                  },
                  {
                    "__class" : "PathSegment",
                    "handleInX" : 0,
                    "handleInY" : -3.7839999999999998,
                    "handleMirroring" : "disconnected",
                    "handleOutX" : 0,
                    "handleOutY" : 2.5679999999999996,
                    "radius" : 0,
                    "x" : 0,
                    "y" : 5.2699999999999996
                  },
                  {
                    "__class" : "PathSegment",
                    "handleInX" : -1.2159999999999993,
                    "handleInY" : -1.4860000000000007,
                    "handleMirroring" : "disconnected",
                    "handleOutX" : 1.0809999999999995,
                    "handleOutY" : -1.4860000000000007,
                    "radius" : 0,
                    "x" : 5.2699999999999818,
                    "y" : 15
                  },
                  {
                    "__class" : "PathSegment",
                    "handleInX" : 0,
                    "handleInY" : 2.7030000000000003,
                    "handleMirroring" : "disconnected",
                    "handleOutX" : 0,
                    "handleOutY" : -3.7829999999999995,
                    "radius" : 0,
                    "x" : 10.539999999999999,
                    "y" : 5.2699999999999996
                  }
                ],
                "rotation" : 0,
                "strokeAlignment" : "center",
                "strokeColor" : "rgba(0,0,0,1)",
                "strokeDashArray" : "",
                "strokeDashOffset" : 0,
                "strokeEnabled" : 0,
                "strokeMiterLimit" : 10,
                "strokeWidth" : 1,
                "visible" : true,
                "width" : 10.539999999999999,
                "x" : 2.23,
                "y" : 0
              }
            ],
            "constraintsLocked" : false,
            "deviceType" : null,
            "exportIncludesBackground" : false,
            "exportOptions" : [

            ],
            "fillColor" : "transparent",
            "fillEnabled" : false,
            "fillImage" : null,
            "fillImagePixelHeight" : null,
            "fillImagePixelWidth" : null,
            "fillImageResize" : "fill",
            "fillLinearGradient" : {
              "__class" : "LinearGradient",
              "alpha" : 1,
              "angle" : 180,
              "stops" : [
                {
                  "__class" : "GradientColorStop",
                  "position" : 0,
                  "value" : "rgba(0,0,0,0)"
                },
                {
                  "__class" : "GradientColorStop",
                  "position" : 1,
                  "value" : "black"
                }
              ]
            },
            "fillType" : "color",
            "height" : 15,
            "heightType" : 0,
            "id" : "@framer\/mapbox.mapbox-oMrMBbpmR-aO8jYtsin",
            "left" : 0,
            "locked" : false,
            "name" : null,
            "navigationTarget" : null,
            "navigationTransition" : "push",
            "navigationTransitionBackdropColor" : "rgba(4,4,15,.4)",
            "navigationTransitionDirection" : "left",
            "opacity" : 1,
            "originalid" : null,
            "parentid" : "@framer\/mapbox.mapbox-oMrMBbpmR",
            "previewSettings" : null,
            "radius" : 0,
            "radiusBottomLeft" : 0,
            "radiusBottomRight" : 0,
            "radiusPerCorner" : false,
            "radiusTopLeft" : 0,
            "radiusTopRight" : 0,
            "right" : 0,
            "sizeToFit" : false,
            "top" : 0,
            "visible" : true,
            "width" : 15,
            "widthType" : 0
          }
        ],
        "clip" : true,
        "codeOverrideEnabled" : false,
        "constraintsLocked" : false,
        "deviceType" : null,
        "exportOptions" : [

        ],
        "fillColor" : "white",
        "fillEnabled" : false,
        "fillImage" : null,
        "fillImagePixelHeight" : null,
        "fillImagePixelWidth" : null,
        "fillImageResize" : "fill",
        "fillLinearGradient" : {
          "__class" : "LinearGradient",
          "alpha" : 1,
          "angle" : 180,
          "stops" : [
            {
              "__class" : "GradientColorStop",
              "position" : 0,
              "value" : "rgba(0,0,0,0)"
            },
            {
              "__class" : "GradientColorStop",
              "position" : 1,
              "value" : "black"
            }
          ]
        },
        "fillType" : "color",
        "guidesX" : [

        ],
        "guidesY" : [

        ],
        "height" : 15,
        "heightType" : 0,
        "id" : "@framer\/mapbox.mapbox-oMrMBbpmR",
        "intrinsicHeight" : null,
        "intrinsicWidth" : null,
        "isExternalMaster" : "@framer\/mapbox.mapbox",
        "isMaster" : true,
        "isTarget" : false,
        "left" : 0,
        "locked" : false,
        "name" : "MarkerDesign",
        "navigationTarget" : null,
        "navigationTransition" : "push",
        "navigationTransitionBackdropColor" : "rgba(4,4,15,.4)",
        "navigationTransitionDirection" : "left",
        "opacity" : 1,
        "originalid" : null,
        "parentid" : "nzm_Jwi6A",
        "previewSettings" : null,
        "radius" : 0,
        "radiusBottomLeft" : 0,
        "radiusBottomRight" : 0,
        "radiusIsRelative" : false,
        "radiusPerCorner" : false,
        "radiusTopLeft" : 0,
        "radiusTopRight" : 0,
        "replicaInfo" : null,
        "right" : null,
        "rotation" : 0,
        "top" : 0,
        "visible" : true,
        "width" : 15,
        "widthType" : 0
      },
      {
        "__class" : "FrameNode",
        "aspectRatio" : null,
        "blendingEnabled" : 0,
        "blendingMode" : "normal",
        "bottom" : null,
        "centerAnchorX" : 0,
        "centerAnchorY" : 0,
        "children" : [
          {
            "__class" : "CodeComponentNode",
            "aspectRatio" : null,
            "bottom" : null,
            "centerAnchorX" : 0,
            "centerAnchorY" : 0,
            "children" : [

            ],
            "clip" : true,
            "codeComponentIdentifier" : ".\/PlayGround.tsx_PlayItem",
            "codeComponentProps" : {

            },
            "codeOverrideEnabled" : false,
            "constraintsLocked" : false,
            "deviceType" : null,
            "exportOptions" : [

            ],
            "fillColor" : "rgba(255,255,255,1)",
            "fillEnabled" : false,
            "fillImage" : null,
            "fillImagePixelHeight" : null,
            "fillImagePixelWidth" : null,
            "fillImageResize" : "fill",
            "fillType" : "color",
            "height" : 200,
            "heightType" : 0,
            "id" : "ldsxvk3Y5",
            "intrinsicHeight" : null,
            "intrinsicWidth" : null,
            "left" : 16,
            "locked" : false,
            "name" : null,
            "opacity" : 1,
            "originalid" : null,
            "parentid" : "XIhM8qRCx",
            "previewSettings" : null,
            "radius" : 0,
            "radiusBottomLeft" : 0,
            "radiusBottomRight" : 0,
            "radiusIsRelative" : false,
            "radiusPerCorner" : false,
            "radiusTopLeft" : 0,
            "radiusTopRight" : 0,
            "right" : null,
            "rotation" : 0,
            "top" : 200,
            "visible" : true,
            "width" : 200,
            "widthType" : 0
          }
        ],
        "clip" : true,
        "codeOverrideEnabled" : false,
        "constraintsLocked" : false,
        "deviceType" : null,
        "exportOptions" : [

        ],
        "fillColor" : "white",
        "fillEnabled" : true,
        "fillImage" : null,
        "fillImagePixelHeight" : null,
        "fillImagePixelWidth" : null,
        "fillImageResize" : "fill",
        "fillType" : "color",
        "guidesX" : [

        ],
        "guidesY" : [

        ],
        "height" : 700,
        "heightType" : 0,
        "id" : "XIhM8qRCx",
        "intrinsicHeight" : null,
        "intrinsicWidth" : null,
        "isExternalMaster" : null,
        "isMaster" : false,
        "isTarget" : false,
        "left" : -1423,
        "locked" : false,
        "name" : null,
        "navigationTarget" : null,
        "navigationTransition" : "push",
        "navigationTransitionBackdropColor" : "rgba(4,4,15,.4)",
        "navigationTransitionDirection" : "left",
        "opacity" : 1,
        "originalid" : null,
        "parentid" : "nzm_Jwi6A",
        "previewSettings" : null,
        "radius" : 0,
        "radiusBottomLeft" : 0,
        "radiusBottomRight" : 0,
        "radiusIsRelative" : false,
        "radiusPerCorner" : false,
        "radiusTopLeft" : 0,
        "radiusTopRight" : 0,
        "replicaInfo" : null,
        "right" : null,
        "rotation" : 0,
        "top" : 1863,
        "visible" : true,
        "width" : 316,
        "widthType" : 0
      }
    ],
    "guidesX" : [

    ],
    "guidesY" : [

    ],
    "id" : "nzm_Jwi6A",
    "name" : null,
    "originalid" : null,
    "parentid" : null,
    "tokens" : {

    },
    "tokensIndex" : [

    ],
    "visible" : false
  },
  "version" : 54
}